{
	"class_name" : "ViewTrajectory",
	"interval" : 29,
	"is_loop" : false,
	"trajectory" :
	[
		{
			"boundingbox_max" : [ 1189.99267578125, 774.87255859375, 2599.998779296875 ],
			"boundingbox_min" : [ -1289.3970947265625, -768.8868408203125, 0.0 ],
			"field_of_view" : 60.0,
			"front" : [ -0.010948774580063885, 0.032178753892750128, -0.99942215911650922 ],
			"lookat" : [ 41.546215847658722, 43.690657305102221, 1300.627199738268 ],
			"up" : [ 0.99979649592112407, 0.017288290116704786, -0.010396238198351766 ],
			"zoom" : 0.29999999999999999
		}
	],
	"version_major" : 1,
	"version_minor" : 0
}